,experiment,group,phase,hours_post_cfc,metric,trial,score
0,A,behavior,training,1,freezing,1,23.54
1,A,behavior,training,1,freezing,2,10.93
2,A,behavior,training,1,freezing,3,11.66
3,A,behavior,training,1,freezing,4,44.35
4,A,behavior,training,1,freezing,5,39.76
5,A,behavior,training,1,freezing,6,29.78
6,A,behavior,training,1,freezing,7,33.45
7,A,behavior,training,1,freezing,8,45.56
8,A,behavior,training,1,freezing,9,50.22
9,A,behavior,training,1,freezing,10,48.22
10,A,behavior,training,1,freezing,11,38.78
11,A,behavior,recall-training,1,freezing,1,54.34
12,A,behavior,recall-training,1,freezing,2,60.12
13,A,behavior,recall-training,1,freezing,3,38.76
14,A,behavior,recall-training,1,freezing,4,29.45
15,A,behavior,recall-training,1,freezing,5,24.56
16,A,behavior,recall-training,1,freezing,6,29.54
17,A,behavior,recall-training,1,freezing,7,41.03
18,A,behavior,recall-training,1,freezing,8,50.43
19,A,behavior,recall-training,1,freezing,9,54.6
20,A,behavior,recall-training,1,freezing,10,59.23
21,A,behavior,recall-training,1,freezing,11,55.43
22,A,behavior,recall-novel,1,freezing,1,13.45
23,A,behavior,recall-novel,1,freezing,2,67.65
24,A,behavior,recall-novel,1,freezing,3,29.42
25,A,behavior,recall-novel,1,freezing,4,59.32
26,A,behavior,recall-novel,1,freezing,5,60.42
27,A,behavior,recall-novel,1,freezing,6,32.34
28,A,behavior,recall-novel,1,freezing,7,23.56
29,A,behavior,recall-novel,1,freezing,8,59.23
30,A,behavior,recall-novel,1,freezing,9,61.23
31,A,behavior,recall-novel,1,freezing,10,34.5
32,A,behavior,recall-novel,1,freezing,11,30.12
33,A,behavior,recall-discrimination,1,freezing,1,0.603186311
34,A,behavior,recall-discrimination,1,freezing,2,-0.058934022
35,A,behavior,recall-discrimination,1,freezing,3,0.13699032
36,A,behavior,recall-discrimination,1,freezing,4,-0.336487552
37,A,behavior,recall-discrimination,1,freezing,5,-0.421981643
38,A,behavior,recall-discrimination,1,freezing,6,-0.045248869
39,A,behavior,recall-discrimination,1,freezing,7,0.270475306
40,A,behavior,recall-discrimination,1,freezing,8,-0.080248039
41,A,behavior,recall-discrimination,1,freezing,9,-0.057239057
42,A,behavior,recall-discrimination,1,freezing,10,0.263842953
43,A,behavior,recall-discrimination,1,freezing,11,0.29585038
44,A,behavior,training,5,freezing,1,7.99
45,A,behavior,training,5,freezing,2,44.32
46,A,behavior,training,5,freezing,3,23.99
47,A,behavior,training,5,freezing,4,30.53
48,A,behavior,training,5,freezing,5,41.23
49,A,behavior,training,5,freezing,6,21.22
50,A,behavior,training,5,freezing,7,19.34
51,A,behavior,training,5,freezing,8,52.42
52,A,behavior,training,5,freezing,9,10.21
53,A,behavior,training,5,freezing,10,28.43
54,A,behavior,training,5,freezing,11,22.12
55,A,behavior,recall-training,5,freezing,1,68.23
56,A,behavior,recall-training,5,freezing,2,34.56
57,A,behavior,recall-training,5,freezing,3,49.12
58,A,behavior,recall-training,5,freezing,4,50.12
59,A,behavior,recall-training,5,freezing,5,60.22
60,A,behavior,recall-training,5,freezing,6,70.91
61,A,behavior,recall-training,5,freezing,7,28.78
62,A,behavior,recall-training,5,freezing,8,31.23
63,A,behavior,recall-training,5,freezing,9,44.56
64,A,behavior,recall-training,5,freezing,10,34.65
65,A,behavior,recall-training,5,freezing,11,53.23
66,A,behavior,recall-novel,5,freezing,1,52.23
67,A,behavior,recall-novel,5,freezing,2,10.23
68,A,behavior,recall-novel,5,freezing,3,55.23
69,A,behavior,recall-novel,5,freezing,4,48.9
70,A,behavior,recall-novel,5,freezing,5,47.32
71,A,behavior,recall-novel,5,freezing,6,29.34
72,A,behavior,recall-novel,5,freezing,7,30.55
73,A,behavior,recall-novel,5,freezing,8,59.65
74,A,behavior,recall-novel,5,freezing,9,28.87
75,A,behavior,recall-novel,5,freezing,10,15.66
76,A,behavior,recall-novel,5,freezing,11,61.23
77,A,behavior,recall-discrimination,5,freezing,1,0.132824174
78,A,behavior,recall-discrimination,5,freezing,2,0.543201608
79,A,behavior,recall-discrimination,5,freezing,3,-0.058552947
80,A,behavior,recall-discrimination,5,freezing,4,0.012320743
81,A,behavior,recall-discrimination,5,freezing,5,0.119955365
82,A,behavior,recall-discrimination,5,freezing,6,0.414663342
83,A,behavior,recall-discrimination,5,freezing,7,-0.029833137
84,A,behavior,recall-discrimination,5,freezing,8,-0.31272007
85,A,behavior,recall-discrimination,5,freezing,9,0.213672886
86,A,behavior,recall-discrimination,5,freezing,10,0.37745975
87,A,behavior,recall-discrimination,5,freezing,11,-0.069893413
88,A,behavior,training,12,freezing,1,16.23
89,A,behavior,training,12,freezing,2,46.23
90,A,behavior,training,12,freezing,3,57.21
91,A,behavior,training,12,freezing,4,23.43
92,A,behavior,training,12,freezing,5,34.23
93,A,behavior,training,12,freezing,6,37.22
94,A,behavior,training,12,freezing,7,19.89
95,A,behavior,training,12,freezing,8,9.87
96,A,behavior,training,12,freezing,9,10.23
97,A,behavior,training,12,freezing,10,40.32
98,A,behavior,training,12,freezing,11,44.32
99,A,behavior,recall-training,12,freezing,1,63.23
100,A,behavior,recall-training,12,freezing,2,66.01
101,A,behavior,recall-training,12,freezing,3,54.56
102,A,behavior,recall-training,12,freezing,4,23.45
103,A,behavior,recall-training,12,freezing,5,44.33
104,A,behavior,recall-training,12,freezing,6,50.12
105,A,behavior,recall-training,12,freezing,7,53.12
106,A,behavior,recall-training,12,freezing,8,70.24
107,A,behavior,recall-training,12,freezing,9,72.4
108,A,behavior,recall-training,12,freezing,10,32.45
109,A,behavior,recall-training,12,freezing,11,38.23
110,A,behavior,recall-novel,12,freezing,1,17.87
111,A,behavior,recall-novel,12,freezing,2,20.12
112,A,behavior,recall-novel,12,freezing,3,9.23
113,A,behavior,recall-novel,12,freezing,4,4.56
114,A,behavior,recall-novel,12,freezing,5,10.22
115,A,behavior,recall-novel,12,freezing,6,11.45
116,A,behavior,recall-novel,12,freezing,7,21.34
117,A,behavior,recall-novel,12,freezing,8,30.12
118,A,behavior,recall-novel,12,freezing,9,17.56
119,A,behavior,recall-novel,12,freezing,10,19.2
120,A,behavior,recall-novel,12,freezing,11,12.12
121,A,behavior,recall-discrimination,12,freezing,1,0.559309494
122,A,behavior,recall-discrimination,12,freezing,2,0.532799257
123,A,behavior,recall-discrimination,12,freezing,3,0.710612949
124,A,behavior,recall-discrimination,12,freezing,4,0.674401999
125,A,behavior,recall-discrimination,12,freezing,5,0.625297892
126,A,behavior,recall-discrimination,12,freezing,6,0.628065616
127,A,behavior,recall-discrimination,12,freezing,7,0.426806339
128,A,behavior,recall-discrimination,12,freezing,8,0.399760861
129,A,behavior,recall-discrimination,12,freezing,9,0.609604269
130,A,behavior,recall-discrimination,12,freezing,10,0.256534366
131,A,behavior,recall-discrimination,12,freezing,11,0.51857001
132,A,behavior,training,18,freezing,1,50.12
133,A,behavior,training,18,freezing,2,48.23
134,A,behavior,training,18,freezing,3,41.23
135,A,behavior,training,18,freezing,4,38.34
136,A,behavior,training,18,freezing,5,29.34
137,A,behavior,training,18,freezing,6,30.34
138,A,behavior,training,18,freezing,7,49.23
139,A,behavior,training,18,freezing,8,45.88
140,A,behavior,training,18,freezing,9,19.34
141,A,behavior,training,18,freezing,10,28.72
142,A,behavior,training,18,freezing,11,26.79
143,A,behavior,recall-training,18,freezing,1,54.56
144,A,behavior,recall-training,18,freezing,2,61.23
145,A,behavior,recall-training,18,freezing,3,64.56
146,A,behavior,recall-training,18,freezing,4,24.56
147,A,behavior,recall-training,18,freezing,5,36.28
148,A,behavior,recall-training,18,freezing,6,40.12
149,A,behavior,recall-training,18,freezing,7,59.21
150,A,behavior,recall-training,18,freezing,8,29.66
151,A,behavior,recall-training,18,freezing,9,57.73
152,A,behavior,recall-training,18,freezing,10,66.43
153,A,behavior,recall-training,18,freezing,11,64.35
154,A,behavior,recall-novel,18,freezing,1,11.98
155,A,behavior,recall-novel,18,freezing,2,13.49
156,A,behavior,recall-novel,18,freezing,3,19.23
157,A,behavior,recall-novel,18,freezing,4,9.3
158,A,behavior,recall-novel,18,freezing,5,25.54
159,A,behavior,recall-novel,18,freezing,6,30.12
160,A,behavior,recall-novel,18,freezing,7,7.67
161,A,behavior,recall-novel,18,freezing,8,8.99
162,A,behavior,recall-novel,18,freezing,9,8.93
163,A,behavior,recall-novel,18,freezing,10,19.43
164,A,behavior,recall-novel,18,freezing,11,18.87
165,A,behavior,recall-discrimination,18,freezing,1,0.63991584
166,A,behavior,recall-discrimination,18,freezing,2,0.63891863
167,A,behavior,recall-discrimination,18,freezing,3,0.540995346
168,A,behavior,recall-discrimination,18,freezing,4,0.450679268
169,A,behavior,recall-discrimination,18,freezing,5,0.173730184
170,A,behavior,recall-discrimination,18,freezing,6,0.142369021
171,A,behavior,recall-discrimination,18,freezing,7,0.770633971
172,A,behavior,recall-discrimination,18,freezing,8,0.534799483
173,A,behavior,recall-discrimination,18,freezing,9,0.732073207
174,A,behavior,recall-discrimination,18,freezing,10,0.547402749
175,A,behavior,recall-discrimination,18,freezing,11,0.546503244
176,A,behavior,training,24,freezing,1,29.89
177,A,behavior,training,24,freezing,2,38.23
178,A,behavior,training,24,freezing,3,37.54
179,A,behavior,training,24,freezing,4,38.62
180,A,behavior,training,24,freezing,5,34.23
181,A,behavior,training,24,freezing,6,46.23
182,A,behavior,training,24,freezing,7,20.12
183,A,behavior,training,24,freezing,8,21.29
184,A,behavior,training,24,freezing,9,23.34
185,A,behavior,training,24,freezing,10,32.12
186,A,behavior,training,24,freezing,11,19.75
187,A,behavior,recall-training,24,freezing,1,69.89
188,A,behavior,recall-training,24,freezing,2,73.34
189,A,behavior,recall-training,24,freezing,3,74.23
190,A,behavior,recall-training,24,freezing,4,54.23
191,A,behavior,recall-training,24,freezing,5,52.34
192,A,behavior,recall-training,24,freezing,6,38.77
193,A,behavior,recall-training,24,freezing,7,29.23
194,A,behavior,recall-training,24,freezing,8,31.29
195,A,behavior,recall-training,24,freezing,9,59.34
196,A,behavior,recall-training,24,freezing,10,61.98
197,A,behavior,recall-training,24,freezing,11,72.34
198,A,behavior,recall-novel,24,freezing,1,7.23
199,A,behavior,recall-novel,24,freezing,2,27.12
200,A,behavior,recall-novel,24,freezing,3,11.29
201,A,behavior,recall-novel,24,freezing,4,12.99
202,A,behavior,recall-novel,24,freezing,5,7.89
203,A,behavior,recall-novel,24,freezing,6,6.02
204,A,behavior,recall-novel,24,freezing,7,6.23
205,A,behavior,recall-novel,24,freezing,8,15.34
206,A,behavior,recall-novel,24,freezing,9,4.32
207,A,behavior,recall-novel,24,freezing,10,5.46
208,A,behavior,recall-novel,24,freezing,11,5.33
209,A,behavior,recall-discrimination,24,freezing,1,0.8125
210,A,behavior,recall-discrimination,24,freezing,2,0.460083615
211,A,behavior,recall-discrimination,24,freezing,3,0.735968195
212,A,behavior,recall-discrimination,24,freezing,4,0.613507885
213,A,behavior,recall-discrimination,24,freezing,5,0.738004317
214,A,behavior,recall-discrimination,24,freezing,6,0.731189998
215,A,behavior,recall-discrimination,24,freezing,7,0.648618161
216,A,behavior,recall-discrimination,24,freezing,8,0.342054471
217,A,behavior,recall-discrimination,24,freezing,9,0.864278982
218,A,behavior,recall-discrimination,24,freezing,10,0.838078292
219,A,behavior,recall-discrimination,24,freezing,11,0.862752672
220,A,labelling,home-cage,5,c-Fos+EGFP+ofDAPI+,1,1.02758620689655
221,A,labelling,home-cage,5,c-Fos+EGFP+ofDAPI+,2,0.568862275449102
222,A,labelling,home-cage,5,c-Fos+EGFP+ofDAPI+,3,0.265734265734266
223,A,labelling,home-cage,5,c-Fos+EGFP+ofDAPI+,4,0.612403100775194
224,A,labelling,home-cage,5,c-Fos+EGFP+ofDAPI+,5,0.832752613240418
225,A,labelling,home-cage,5,c-Fos+EGFP+ofDAPI+,6,0.61611374407583
226,A,labelling,recall-training,5,c-Fos+EGFP+ofDAPI+,1,1.53155339805825
227,A,labelling,recall-training,5,c-Fos+EGFP+ofDAPI+,2,1.59685863874346
228,A,labelling,recall-training,5,c-Fos+EGFP+ofDAPI+,3,1.61338289962825
229,A,labelling,recall-training,5,c-Fos+EGFP+ofDAPI+,4,1.8
230,A,labelling,recall-training,5,c-Fos+EGFP+ofDAPI+,5,4.06474820143885
231,A,labelling,recall-training,5,c-Fos+EGFP+ofDAPI+,6,2.30238726790451
232,A,labelling,recall-novel,5,c-Fos+EGFP+ofDAPI+,1,0.579775280898876
233,A,labelling,recall-novel,5,c-Fos+EGFP+ofDAPI+,2,0.940639269406393
234,A,labelling,recall-novel,5,c-Fos+EGFP+ofDAPI+,3,2.52439024390244
235,A,labelling,recall-novel,5,c-Fos+EGFP+ofDAPI+,4,1.41393442622951
236,A,labelling,recall-novel,5,c-Fos+EGFP+ofDAPI+,5,1.33676975945017
237,A,labelling,recall-novel,5,c-Fos+EGFP+ofDAPI+,6,1.18360655737705
238,A,labelling,home-cage,12,c-Fos+EGFP+ofDAPI+,1,0.550943396226415
239,A,labelling,home-cage,12,c-Fos+EGFP+ofDAPI+,2,0.41358024691358
240,A,labelling,home-cage,12,c-Fos+EGFP+ofDAPI+,3,0.221453287197232
241,A,labelling,home-cage,12,c-Fos+EGFP+ofDAPI+,4,0.368700265251989
242,A,labelling,home-cage,12,c-Fos+EGFP+ofDAPI+,5,0.170212765957447
243,A,labelling,home-cage,12,c-Fos+EGFP+ofDAPI+,6,0.284431137724551
244,A,labelling,recall-training,12,c-Fos+EGFP+ofDAPI+,1,1.90909090909091
245,A,labelling,recall-training,12,c-Fos+EGFP+ofDAPI+,2,0.608040201005025
246,A,labelling,recall-training,12,c-Fos+EGFP+ofDAPI+,3,0.238219895287958
247,A,labelling,recall-training,12,c-Fos+EGFP+ofDAPI+,4,0.7175
248,A,labelling,recall-training,12,c-Fos+EGFP+ofDAPI+,5,1.26011560693642
249,A,labelling,recall-training,12,c-Fos+EGFP+ofDAPI+,6,0.587628865979381
250,A,labelling,recall-novel,12,c-Fos+EGFP+ofDAPI+,1,0.41304347826087
251,A,labelling,recall-novel,12,c-Fos+EGFP+ofDAPI+,2,0.695652173913043
252,A,labelling,recall-novel,12,c-Fos+EGFP+ofDAPI+,3,0.180203045685279
253,A,labelling,recall-novel,12,c-Fos+EGFP+ofDAPI+,4,0.176136363636364
254,A,labelling,recall-novel,12,c-Fos+EGFP+ofDAPI+,5,0.551282051282051
255,A,labelling,recall-novel,12,c-Fos+EGFP+ofDAPI+,6,1.07266435986159
256,A,labelling,home-cage,24,c-Fos+EGFP+ofDAPI+,1,1.19662921348315
257,A,labelling,home-cage,24,c-Fos+EGFP+ofDAPI+,2,0.292817679558011
258,A,labelling,home-cage,24,c-Fos+EGFP+ofDAPI+,3,0.177304964539007
259,A,labelling,home-cage,24,c-Fos+EGFP+ofDAPI+,4,0.138817480719794
260,A,labelling,home-cage,24,c-Fos+EGFP+ofDAPI+,5,0.726890756302521
261,A,labelling,home-cage,24,c-Fos+EGFP+ofDAPI+,6,0.913494809688581
262,A,labelling,recall-training,24,c-Fos+EGFP+ofDAPI+,1,1.32771084337349
263,A,labelling,recall-training,24,c-Fos+EGFP+ofDAPI+,2,1.24607329842932
264,A,labelling,recall-training,24,c-Fos+EGFP+ofDAPI+,3,0.549071618037135
265,A,labelling,recall-training,24,c-Fos+EGFP+ofDAPI+,4,0.409961685823755
266,A,labelling,recall-training,24,c-Fos+EGFP+ofDAPI+,5,0.607476635514019
267,A,labelling,recall-training,24,c-Fos+EGFP+ofDAPI+,6,0.762886597938144
268,A,labelling,recall-novel,24,c-Fos+EGFP+ofDAPI+,1,1.51923076923077
269,A,labelling,recall-novel,24,c-Fos+EGFP+ofDAPI+,2,0.319391634980989
270,A,labelling,recall-novel,24,c-Fos+EGFP+ofDAPI+,3,0.390745501285347
271,A,labelling,recall-novel,24,c-Fos+EGFP+ofDAPI+,4,0.766949152542373
272,A,labelling,recall-novel,24,c-Fos+EGFP+ofDAPI+,5,0.274193548387097
273,A,labelling,recall-novel,24,c-Fos+EGFP+ofDAPI+,6,0.185929648241206
274,A,labelling,home-cage,5,c-Fos+EGFP+ofEGFP+,1,11.925
275,A,labelling,home-cage,5,c-Fos+EGFP+ofEGFP+,2,6.03
276,A,labelling,home-cage,5,c-Fos+EGFP+ofEGFP+,3,3.915
277,A,labelling,home-cage,5,c-Fos+EGFP+ofEGFP+,4,5.49
278,A,labelling,home-cage,5,c-Fos+EGFP+ofEGFP+,5,4.635
279,A,labelling,home-cage,5,c-Fos+EGFP+ofEGFP+,6,4.365
280,A,labelling,recall-training,5,c-Fos+EGFP+ofEGFP+,1,21.915
281,A,labelling,recall-training,5,c-Fos+EGFP+ofEGFP+,2,15.705
282,A,labelling,recall-training,5,c-Fos+EGFP+ofEGFP+,3,10.53
283,A,labelling,recall-training,5,c-Fos+EGFP+ofEGFP+,4,23.04
284,A,labelling,recall-training,5,c-Fos+EGFP+ofEGFP+,5,20.565
285,A,labelling,recall-training,5,c-Fos+EGFP+ofEGFP+,6,17.64
286,A,labelling,recall-novel,5,c-Fos+EGFP+ofEGFP+,1,8.955
287,A,labelling,recall-novel,5,c-Fos+EGFP+ofEGFP+,2,10.53
288,A,labelling,recall-novel,5,c-Fos+EGFP+ofEGFP+,3,20.565
289,A,labelling,recall-novel,5,c-Fos+EGFP+ofEGFP+,4,17.955
290,A,labelling,recall-novel,5,c-Fos+EGFP+ofEGFP+,5,12.915
291,A,labelling,recall-novel,5,c-Fos+EGFP+ofEGFP+,6,15.39
292,A,labelling,home-cage,12,c-Fos+EGFP+ofEGFP+,1,6.21
293,A,labelling,home-cage,12,c-Fos+EGFP+ofEGFP+,2,3.51
294,A,labelling,home-cage,12,c-Fos+EGFP+ofEGFP+,3,3.24
295,A,labelling,home-cage,12,c-Fos+EGFP+ofEGFP+,4,4.725
296,A,labelling,home-cage,12,c-Fos+EGFP+ofEGFP+,5,3.42
297,A,labelling,home-cage,12,c-Fos+EGFP+ofEGFP+,6,2.205
298,A,labelling,recall-training,12,c-Fos+EGFP+ofEGFP+,1,12.42
299,A,labelling,recall-training,12,c-Fos+EGFP+ofEGFP+,2,6.255
300,A,labelling,recall-training,12,c-Fos+EGFP+ofEGFP+,3,3.465
301,A,labelling,recall-training,12,c-Fos+EGFP+ofEGFP+,4,12.87
302,A,labelling,recall-training,12,c-Fos+EGFP+ofEGFP+,5,11.475
303,A,labelling,recall-training,12,c-Fos+EGFP+ofEGFP+,6,10.755
304,A,labelling,recall-novel,12,c-Fos+EGFP+ofEGFP+,1,4.68
305,A,labelling,recall-novel,12,c-Fos+EGFP+ofEGFP+,2,5.535
306,A,labelling,recall-novel,12,c-Fos+EGFP+ofEGFP+,3,2.52
307,A,labelling,recall-novel,12,c-Fos+EGFP+ofEGFP+,4,3.915
308,A,labelling,recall-novel,12,c-Fos+EGFP+ofEGFP+,5,5.04
309,A,labelling,recall-novel,12,c-Fos+EGFP+ofEGFP+,6,7.335
310,A,labelling,home-cage,24,c-Fos+EGFP+ofEGFP+,1,4.905
311,A,labelling,home-cage,24,c-Fos+EGFP+ofEGFP+,2,3.51
312,A,labelling,home-cage,24,c-Fos+EGFP+ofEGFP+,3,3.375
313,A,labelling,home-cage,24,c-Fos+EGFP+ofEGFP+,4,2.655
314,A,labelling,home-cage,24,c-Fos+EGFP+ofEGFP+,5,4.41
315,A,labelling,home-cage,24,c-Fos+EGFP+ofEGFP+,6,5.94
316,A,labelling,recall-training,24,c-Fos+EGFP+ofEGFP+,1,14.04
317,A,labelling,recall-training,24,c-Fos+EGFP+ofEGFP+,2,10.53
318,A,labelling,recall-training,24,c-Fos+EGFP+ofEGFP+,3,8.865
319,A,labelling,recall-training,24,c-Fos+EGFP+ofEGFP+,4,5.535
320,A,labelling,recall-training,24,c-Fos+EGFP+ofEGFP+,5,8.46
321,A,labelling,recall-training,24,c-Fos+EGFP+ofEGFP+,6,4.41
322,A,labelling,recall-novel,24,c-Fos+EGFP+ofEGFP+,1,8.415
323,A,labelling,recall-novel,24,c-Fos+EGFP+ofEGFP+,2,4.185
324,A,labelling,recall-novel,24,c-Fos+EGFP+ofEGFP+,3,4.725
325,A,labelling,recall-novel,24,c-Fos+EGFP+ofEGFP+,4,8.19
326,A,labelling,recall-novel,24,c-Fos+EGFP+ofEGFP+,5,3.51
327,A,labelling,recall-novel,24,c-Fos+EGFP+ofEGFP+,6,2.205
328,A,labelling,home-cage,5,c-Fos+EGFP+ofc-Fos+,1,7.77458909470389
329,A,labelling,home-cage,5,c-Fos+EGFP+ofc-Fos+,2,9.88039521580863
330,A,labelling,home-cage,5,c-Fos+EGFP+ofc-Fos+,3,1.79966848212171
331,A,labelling,home-cage,5,c-Fos+EGFP+ofc-Fos+,4,6.7062818336163
332,A,labelling,home-cage,5,c-Fos+EGFP+ofc-Fos+,5,8.26132042862081
333,A,labelling,home-cage,5,c-Fos+EGFP+ofc-Fos+,6,5.32132623823168
334,A,labelling,recall-training,5,c-Fos+EGFP+ofc-Fos+,1,9.82406974933831
335,A,labelling,recall-training,5,c-Fos+EGFP+ofc-Fos+,2,8.79723103547736
336,A,labelling,recall-training,5,c-Fos+EGFP+ofc-Fos+,3,8.74294923448832
337,A,labelling,recall-training,5,c-Fos+EGFP+ofc-Fos+,4,6.3875088715401
338,A,labelling,recall-training,5,c-Fos+EGFP+ofc-Fos+,5,9.40178051418587
339,A,labelling,recall-training,5,c-Fos+EGFP+ofc-Fos+,6,7.80365009439899
340,A,labelling,recall-novel,5,c-Fos+EGFP+ofc-Fos+,1,6.65291387313048
341,A,labelling,recall-novel,5,c-Fos+EGFP+ofc-Fos+,2,4.11013567438148
342,A,labelling,recall-novel,5,c-Fos+EGFP+ofc-Fos+,3,9.94833593656134
343,A,labelling,recall-novel,5,c-Fos+EGFP+ofc-Fos+,4,8.02885734233186
344,A,labelling,recall-novel,5,c-Fos+EGFP+ofc-Fos+,5,8.57962064402294
345,A,labelling,recall-novel,5,c-Fos+EGFP+ofc-Fos+,6,5.21450238335981
346,A,labelling,home-cage,12,c-Fos+EGFP+ofc-Fos+,1,3.44827586206897
347,A,labelling,home-cage,12,c-Fos+EGFP+ofc-Fos+,2,2.61565488971306
348,A,labelling,home-cage,12,c-Fos+EGFP+ofc-Fos+,3,1.97226502311248
349,A,labelling,home-cage,12,c-Fos+EGFP+ofc-Fos+,4,3.54320672954372
350,A,labelling,home-cage,12,c-Fos+EGFP+ofc-Fos+,5,1.91583989052343
351,A,labelling,home-cage,12,c-Fos+EGFP+ofc-Fos+,6,4.47479981158738
352,A,labelling,recall-training,12,c-Fos+EGFP+ofc-Fos+,1,8.04844396749962
353,A,labelling,recall-training,12,c-Fos+EGFP+ofc-Fos+,2,1.91364858453266
354,A,labelling,recall-training,12,c-Fos+EGFP+ofc-Fos+,3,1.26178591236828
355,A,labelling,recall-training,12,c-Fos+EGFP+ofc-Fos+,4,4.39240893786348
356,A,labelling,recall-training,12,c-Fos+EGFP+ofc-Fos+,5,4.42819419053423
357,A,labelling,recall-training,12,c-Fos+EGFP+ofc-Fos+,6,4.20431495482205
358,A,labelling,recall-novel,12,c-Fos+EGFP+ofc-Fos+,1,3.36060137077161
359,A,labelling,recall-novel,12,c-Fos+EGFP+ofc-Fos+,2,3.46946151066137
360,A,labelling,recall-novel,12,c-Fos+EGFP+ofc-Fos+,3,0.969547999453776
361,A,labelling,recall-novel,12,c-Fos+EGFP+ofc-Fos+,4,1.8107476635514
362,A,labelling,recall-novel,12,c-Fos+EGFP+ofc-Fos+,5,2.7590632017966
363,A,labelling,recall-novel,12,c-Fos+EGFP+ofc-Fos+,6,7.72681954137587
364,A,labelling,home-cage,24,c-Fos+EGFP+ofc-Fos+,1,7.37279335410176
365,A,labelling,home-cage,24,c-Fos+EGFP+ofc-Fos+,2,3.3974358974359
366,A,labelling,home-cage,24,c-Fos+EGFP+ofc-Fos+,3,2.24215246636771
367,A,labelling,home-cage,24,c-Fos+EGFP+ofc-Fos+,4,1.1938978554057
368,A,labelling,home-cage,24,c-Fos+EGFP+ofc-Fos+,5,5.90443686006826
369,A,labelling,home-cage,24,c-Fos+EGFP+ofc-Fos+,6,7.11206896551724
370,A,labelling,recall-training,24,c-Fos+EGFP+ofc-Fos+,1,9.29173693086003
371,A,labelling,recall-training,24,c-Fos+EGFP+ofc-Fos+,2,6.50006827802813
372,A,labelling,recall-training,24,c-Fos+EGFP+ofc-Fos+,3,2.34614076844611
373,A,labelling,recall-training,24,c-Fos+EGFP+ofc-Fos+,4,2.17347146049157
374,A,labelling,recall-training,24,c-Fos+EGFP+ofc-Fos+,5,2.59377494014366
375,A,labelling,recall-training,24,c-Fos+EGFP+ofc-Fos+,6,5.53339980059821
376,A,labelling,recall-novel,24,c-Fos+EGFP+ofc-Fos+,1,3.19277919978445
377,A,labelling,recall-novel,24,c-Fos+EGFP+ofc-Fos+,2,2.45398773006135
378,A,labelling,recall-novel,24,c-Fos+EGFP+ofc-Fos+,3,3.28790828466364
379,A,labelling,recall-novel,24,c-Fos+EGFP+ofc-Fos+,4,4.09224508252318
380,A,labelling,recall-novel,24,c-Fos+EGFP+ofc-Fos+,5,3.37413165729408
381,A,labelling,recall-novel,24,c-Fos+EGFP+ofc-Fos+,6,1.5031484866951
382,B,control,training,5,freezing,1,52.43
383,B,control,training,5,freezing,2,22.44
384,B,control,training,5,freezing,3,58.34
385,B,control,training,5,freezing,4,53.33
386,B,control,training,5,freezing,5,21.98
387,B,control,training,5,freezing,6,12.23
388,B,control,training,5,freezing,7,21.22
389,B,control,recall-training,5,freezing,1,36.66
390,B,control,recall-training,5,freezing,2,40.23
391,B,control,recall-training,5,freezing,3,50.98
392,B,control,recall-training,5,freezing,4,62.34
393,B,control,recall-training,5,freezing,5,47.77
394,B,control,recall-training,5,freezing,6,51.65
395,B,control,recall-training,5,freezing,7,66.78
396,B,control,recall-novel,5,freezing,1,71.23
397,B,control,recall-novel,5,freezing,2,65.67
398,B,control,recall-novel,5,freezing,3,44.34
399,B,control,recall-novel,5,freezing,4,38.99
400,B,control,recall-novel,5,freezing,5,19.12
401,B,control,recall-novel,5,freezing,6,18.55
402,B,control,recall-novel,5,freezing,7,44.15
403,B,control,recall-discrimination,5,freezing,1,-0.320418945
404,B,control,recall-discrimination,5,freezing,2,-0.240226629
405,B,control,recall-discrimination,5,freezing,3,0.069660092
406,B,control,recall-discrimination,5,freezing,4,0.230435212
407,B,control,recall-discrimination,5,freezing,5,0.428315144
408,B,control,recall-discrimination,5,freezing,6,0.471509972
409,B,control,recall-discrimination,5,freezing,7,0.204002524
410,B,control,training,12,freezing,1,18.78
411,B,control,training,12,freezing,2,27.66
412,B,control,training,12,freezing,3,44.59
413,B,control,training,12,freezing,4,51.34
414,B,control,training,12,freezing,5,50.12
415,B,control,training,12,freezing,6,29.99
416,B,control,training,12,freezing,7,39.81
417,B,control,recall-training,12,freezing,1,62.34
418,B,control,recall-training,12,freezing,2,58.45
419,B,control,recall-training,12,freezing,3,48.92
420,B,control,recall-training,12,freezing,4,34.56
421,B,control,recall-training,12,freezing,5,67.12
422,B,control,recall-training,12,freezing,6,70.11
423,B,control,recall-training,12,freezing,7,54.87
424,B,control,recall-novel,12,freezing,1,22.43
425,B,control,recall-novel,12,freezing,2,14.34
426,B,control,recall-novel,12,freezing,3,34.55
427,B,control,recall-novel,12,freezing,4,19.12
428,B,control,recall-novel,12,freezing,5,12.88
429,B,control,recall-novel,12,freezing,6,7.12
430,B,control,recall-novel,12,freezing,7,8.22
431,B,control,recall-discrimination,12,freezing,1,0.47080335
432,B,control,recall-discrimination,12,freezing,2,0.605989834
433,B,control,recall-discrimination,12,freezing,3,0.172157661
434,B,control,recall-discrimination,12,freezing,4,0.287630402
435,B,control,recall-discrimination,12,freezing,5,0.678
436,B,control,recall-discrimination,12,freezing,6,0.815615693
437,B,control,recall-discrimination,12,freezing,7,0.739419876
438,B,control,training,24,freezing,1,48.33
439,B,control,training,24,freezing,2,49.23
440,B,control,training,24,freezing,3,29.23
441,B,control,training,24,freezing,4,19.12
442,B,control,training,24,freezing,5,20.11
443,B,control,training,24,freezing,6,26.12
444,B,control,training,24,freezing,7,30.19
445,B,control,recall-training,24,freezing,1,61.23
446,B,control,recall-training,24,freezing,2,60.78
447,B,control,recall-training,24,freezing,3,59.12
448,B,control,recall-training,24,freezing,4,44.23
449,B,control,recall-training,24,freezing,5,71.21
450,B,control,recall-training,24,freezing,6,74.32
451,B,control,recall-training,24,freezing,7,67.82
452,B,control,recall-novel,24,freezing,1,32.12
453,B,control,recall-novel,24,freezing,2,22.34
454,B,control,recall-novel,24,freezing,3,50.12
455,B,control,recall-novel,24,freezing,4,19.11
456,B,control,recall-novel,24,freezing,5,9.32
457,B,control,recall-novel,24,freezing,6,6.78
458,B,control,recall-novel,24,freezing,7,10.12
459,B,control,recall-discrimination,24,freezing,1,0.311837172
460,B,control,recall-discrimination,24,freezing,2,0.462463908
461,B,control,recall-discrimination,24,freezing,3,0.082387404
462,B,control,recall-discrimination,24,freezing,4,0.396589833
463,B,control,recall-discrimination,24,freezing,5,0.768533466
464,B,control,recall-discrimination,24,freezing,6,0.832799014
465,B,control,recall-discrimination,24,freezing,7,0.740313061
466,B,cck-inhibition,training,5,freezing,1,13.23
467,B,cck-inhibition,training,5,freezing,2,7.88
468,B,cck-inhibition,training,5,freezing,3,34.54
469,B,cck-inhibition,training,5,freezing,4,43.22
470,B,cck-inhibition,training,5,freezing,5,49.23
471,B,cck-inhibition,training,5,freezing,6,41.29
472,B,cck-inhibition,training,5,freezing,7,37.22
473,B,cck-inhibition,training,5,freezing,8,31.23
474,B,cck-inhibition,training,5,freezing,9,25.45
475,B,cck-inhibition,recall-training,5,freezing,1,66.56
476,B,cck-inhibition,recall-training,5,freezing,2,57.23
477,B,cck-inhibition,recall-training,5,freezing,3,69.29
478,B,cck-inhibition,recall-training,5,freezing,4,74.34
479,B,cck-inhibition,recall-training,5,freezing,5,29.34
480,B,cck-inhibition,recall-training,5,freezing,6,68.59
481,B,cck-inhibition,recall-training,5,freezing,7,38.17
482,B,cck-inhibition,recall-training,5,freezing,8,50.99
483,B,cck-inhibition,recall-training,5,freezing,9,63.45
484,B,cck-inhibition,recall-novel,5,freezing,1,59.23
485,B,cck-inhibition,recall-novel,5,freezing,2,57.19
486,B,cck-inhibition,recall-novel,5,freezing,3,28.77
487,B,cck-inhibition,recall-novel,5,freezing,4,67.87
488,B,cck-inhibition,recall-novel,5,freezing,5,70.19
489,B,cck-inhibition,recall-novel,5,freezing,6,71.22
490,B,cck-inhibition,recall-novel,5,freezing,7,61.23
491,B,cck-inhibition,recall-novel,5,freezing,8,68.78
492,B,cck-inhibition,recall-novel,5,freezing,9,74.23
493,B,cck-inhibition,recall-discrimination,5,freezing,1,0.058271723
494,B,cck-inhibition,recall-discrimination,5,freezing,2,0.000349589
495,B,cck-inhibition,recall-discrimination,5,freezing,3,0.413216398
496,B,cck-inhibition,recall-discrimination,5,freezing,4,0.045496097
497,B,cck-inhibition,recall-discrimination,5,freezing,5,-0.410429016
498,B,cck-inhibition,recall-discrimination,5,freezing,6,-0.018811244
499,B,cck-inhibition,recall-discrimination,5,freezing,7,-0.231991952
500,B,cck-inhibition,recall-discrimination,5,freezing,8,-0.148534691
501,B,cck-inhibition,recall-discrimination,5,freezing,9,-0.078297501
502,B,cck-inhibition,training,12,freezing,1,10.12
503,B,cck-inhibition,training,12,freezing,2,21.92
504,B,cck-inhibition,training,12,freezing,3,15.67
505,B,cck-inhibition,training,12,freezing,4,33.67
506,B,cck-inhibition,training,12,freezing,5,39.65
507,B,cck-inhibition,training,12,freezing,6,41.23
508,B,cck-inhibition,training,12,freezing,7,51.92
509,B,cck-inhibition,training,12,freezing,8,39.44
510,B,cck-inhibition,training,12,freezing,9,61.22
511,B,cck-inhibition,recall-training,12,freezing,1,18.89
512,B,cck-inhibition,recall-training,12,freezing,2,67.67
513,B,cck-inhibition,recall-training,12,freezing,3,31.92
514,B,cck-inhibition,recall-training,12,freezing,4,30.88
515,B,cck-inhibition,recall-training,12,freezing,5,43.42
516,B,cck-inhibition,recall-training,12,freezing,6,49.87
517,B,cck-inhibition,recall-training,12,freezing,7,67.76
518,B,cck-inhibition,recall-training,12,freezing,8,72.34
519,B,cck-inhibition,recall-training,12,freezing,9,54.23
520,B,cck-inhibition,recall-novel,12,freezing,1,8.76
521,B,cck-inhibition,recall-novel,12,freezing,2,12.34
522,B,cck-inhibition,recall-novel,12,freezing,3,43.23
523,B,cck-inhibition,recall-novel,12,freezing,4,40.12
524,B,cck-inhibition,recall-novel,12,freezing,5,51.23
525,B,cck-inhibition,recall-novel,12,freezing,6,48.78
526,B,cck-inhibition,recall-novel,12,freezing,7,21.89
527,B,cck-inhibition,recall-novel,12,freezing,8,30.17
528,B,cck-inhibition,recall-novel,12,freezing,9,18.76
529,B,cck-inhibition,recall-discrimination,12,freezing,1,0.36636528
530,B,cck-inhibition,recall-discrimination,12,freezing,2,0.691538558
531,B,cck-inhibition,recall-discrimination,12,freezing,3,-0.150499002
532,B,cck-inhibition,recall-discrimination,12,freezing,4,-0.130140845
533,B,cck-inhibition,recall-discrimination,12,freezing,5,-0.082514527
534,B,cck-inhibition,recall-discrimination,12,freezing,6,0.011049164
535,B,cck-inhibition,recall-discrimination,12,freezing,7,0.511656442
536,B,cck-inhibition,recall-discrimination,12,freezing,8,0.4113745
537,B,cck-inhibition,recall-discrimination,12,freezing,9,0.48595698
538,B,cck-inhibition,training,24,freezing,1,65.45
539,B,cck-inhibition,training,24,freezing,2,63.34
540,B,cck-inhibition,training,24,freezing,3,33.45
541,B,cck-inhibition,training,24,freezing,4,21.34
542,B,cck-inhibition,training,24,freezing,5,45.55
543,B,cck-inhibition,training,24,freezing,6,39.23
544,B,cck-inhibition,training,24,freezing,7,51.23
545,B,cck-inhibition,training,24,freezing,8,21.22
546,B,cck-inhibition,training,24,freezing,9,8.13
547,B,cck-inhibition,recall-training,24,freezing,1,22.34
548,B,cck-inhibition,recall-training,24,freezing,2,36.23
549,B,cck-inhibition,recall-training,24,freezing,3,71.23
550,B,cck-inhibition,recall-training,24,freezing,4,70.76
551,B,cck-inhibition,recall-training,24,freezing,5,54.23
552,B,cck-inhibition,recall-training,24,freezing,6,50.12
553,B,cck-inhibition,recall-training,24,freezing,7,49.12
554,B,cck-inhibition,recall-training,24,freezing,8,68.91
555,B,cck-inhibition,recall-training,24,freezing,9,67.23
556,B,cck-inhibition,recall-novel,24,freezing,1,49.87
557,B,cck-inhibition,recall-novel,24,freezing,2,30.12
558,B,cck-inhibition,recall-novel,24,freezing,3,42.12
559,B,cck-inhibition,recall-novel,24,freezing,4,54.23
560,B,cck-inhibition,recall-novel,24,freezing,5,34.53
561,B,cck-inhibition,recall-novel,24,freezing,6,22.38
562,B,cck-inhibition,recall-novel,24,freezing,7,68.77
563,B,cck-inhibition,recall-novel,24,freezing,8,24.23
564,B,cck-inhibition,recall-novel,24,freezing,9,10.12
565,B,cck-inhibition,recall-discrimination,24,freezing,1,-0.381249134
566,B,cck-inhibition,recall-discrimination,24,freezing,2,0.092087415
567,B,cck-inhibition,recall-discrimination,24,freezing,3,0.256815174
568,B,cck-inhibition,recall-discrimination,24,freezing,4,0.13225058
569,B,cck-inhibition,recall-discrimination,24,freezing,5,0.221946823
570,B,cck-inhibition,recall-discrimination,24,freezing,6,0.38262069
571,B,cck-inhibition,recall-discrimination,24,freezing,7,-0.166680804
572,B,cck-inhibition,recall-discrimination,24,freezing,8,0.479707967
573,B,cck-inhibition,recall-discrimination,24,freezing,9,0.738332256
574,C,control,training,12,freezing,1,43.45
575,C,control,training,12,freezing,2,12.99
576,C,control,training,12,freezing,3,32.11
577,C,control,training,12,freezing,4,37.45
578,C,control,training,12,freezing,5,23.43
579,C,control,training,12,freezing,6,29.08
580,C,control,training,12,freezing,7,30.12
581,C,control,training,12,freezing,8,27.78
582,C,control,training,12,freezing,9,26.65
583,C,control,recall-training,12,freezing,1,70.12
584,C,control,recall-training,12,freezing,2,55.23
585,C,control,recall-training,12,freezing,3,34.45
586,C,control,recall-training,12,freezing,4,38.99
587,C,control,recall-training,12,freezing,5,65.65
588,C,control,recall-training,12,freezing,6,49.23
589,C,control,recall-training,12,freezing,7,29.12
590,C,control,recall-training,12,freezing,8,38.44
591,C,control,recall-training,12,freezing,9,67.88
592,C,control,recall-novel,12,freezing,1,3.45
593,C,control,recall-novel,12,freezing,2,40.65
594,C,control,recall-novel,12,freezing,3,30.44
595,C,control,recall-novel,12,freezing,4,31.27
596,C,control,recall-novel,12,freezing,5,21.18
597,C,control,recall-novel,12,freezing,6,19.88
598,C,control,recall-novel,12,freezing,7,10.45
599,C,control,recall-novel,12,freezing,8,8.78
600,C,control,recall-novel,12,freezing,9,6.44
601,C,control,recall-discrimination,12,freezing,1,0.906211771
602,C,control,recall-discrimination,12,freezing,2,0.152065081
603,C,control,recall-discrimination,12,freezing,3,0.061796887
604,C,control,recall-discrimination,12,freezing,4,0.109877597
605,C,control,recall-discrimination,12,freezing,5,0.512150179
606,C,control,recall-discrimination,12,freezing,6,0.424685284
607,C,control,recall-discrimination,12,freezing,7,0.471822087
608,C,control,recall-discrimination,12,freezing,8,0.628123676
609,C,control,recall-discrimination,12,freezing,9,0.826695371
610,C,control,training,24,freezing,1,17.23
611,C,control,training,24,freezing,2,13.22
612,C,control,training,24,freezing,3,14.65
613,C,control,training,24,freezing,4,40.12
614,C,control,training,24,freezing,5,39.28
615,C,control,training,24,freezing,6,38.22
616,C,control,training,24,freezing,7,35.77
617,C,control,training,24,freezing,8,50.12
618,C,control,training,24,freezing,9,23.44
619,C,control,recall-training,24,freezing,1,74.34
620,C,control,recall-training,24,freezing,2,73.12
621,C,control,recall-training,24,freezing,3,75.22
622,C,control,recall-training,24,freezing,4,34.56
623,C,control,recall-training,24,freezing,5,56.72
624,C,control,recall-training,24,freezing,6,44.09
625,C,control,recall-training,24,freezing,7,55.67
626,C,control,recall-training,24,freezing,8,38.19
627,C,control,recall-training,24,freezing,9,73.45
628,C,control,recall-novel,24,freezing,1,30.12
629,C,control,recall-novel,24,freezing,2,3.12
630,C,control,recall-novel,24,freezing,3,4.56
631,C,control,recall-novel,24,freezing,4,9.87
632,C,control,recall-novel,24,freezing,5,9.09
633,C,control,recall-novel,24,freezing,6,12.44
634,C,control,recall-novel,24,freezing,7,38.12
635,C,control,recall-novel,24,freezing,8,17.69
636,C,control,recall-novel,24,freezing,9,5.33
637,C,control,recall-discrimination,24,freezing,1,0.423319931
638,C,control,recall-discrimination,24,freezing,2,0.9181532
639,C,control,recall-discrimination,24,freezing,3,0.885685635
640,C,control,recall-discrimination,24,freezing,4,0.555705604
641,C,control,recall-discrimination,24,freezing,5,0.72375019
642,C,control,recall-discrimination,24,freezing,6,0.55987971
643,C,control,recall-discrimination,24,freezing,7,0.187120162
644,C,control,recall-discrimination,24,freezing,8,0.366857552
645,C,control,recall-discrimination,24,freezing,9,0.864686469
646,C,cck-inhibition,training,12,freezing,1,40.12
647,C,cck-inhibition,training,12,freezing,2,19.23
648,C,cck-inhibition,training,12,freezing,3,27.45
649,C,cck-inhibition,training,12,freezing,4,29.88
650,C,cck-inhibition,training,12,freezing,5,43.23
651,C,cck-inhibition,training,12,freezing,6,22.13
652,C,cck-inhibition,training,12,freezing,7,22.07
653,C,cck-inhibition,training,12,freezing,8,30.12
654,C,cck-inhibition,training,12,freezing,9,30.33
655,C,cck-inhibition,recall-training,12,freezing,1,61.23
656,C,cck-inhibition,recall-training,12,freezing,2,70.88
657,C,cck-inhibition,recall-training,12,freezing,3,71.89
658,C,cck-inhibition,recall-training,12,freezing,4,34.45
659,C,cck-inhibition,recall-training,12,freezing,5,56.44
660,C,cck-inhibition,recall-training,12,freezing,6,57.12
661,C,cck-inhibition,recall-training,12,freezing,7,23.44
662,C,cck-inhibition,recall-training,12,freezing,8,69.88
663,C,cck-inhibition,recall-training,12,freezing,9,73.45
664,C,cck-inhibition,recall-novel,12,freezing,1,55.65
665,C,cck-inhibition,recall-novel,12,freezing,2,73.24
666,C,cck-inhibition,recall-novel,12,freezing,3,58.23
667,C,cck-inhibition,recall-novel,12,freezing,4,60.12
668,C,cck-inhibition,recall-novel,12,freezing,5,44.23
669,C,cck-inhibition,recall-novel,12,freezing,6,22.34
670,C,cck-inhibition,recall-novel,12,freezing,7,30.43
671,C,cck-inhibition,recall-novel,12,freezing,8,19.23
672,C,cck-inhibition,recall-novel,12,freezing,9,67.34
673,C,cck-inhibition,recall-discrimination,12,freezing,1,0.047741273
674,C,cck-inhibition,recall-discrimination,12,freezing,2,-0.016375243
675,C,cck-inhibition,recall-discrimination,12,freezing,3,0.104980018
676,C,cck-inhibition,recall-discrimination,12,freezing,4,-0.271439146
677,C,cck-inhibition,recall-discrimination,12,freezing,5,0.121287375
678,C,cck-inhibition,recall-discrimination,12,freezing,6,0.437704505
679,C,cck-inhibition,recall-discrimination,12,freezing,7,-0.129756822
680,C,cck-inhibition,recall-discrimination,12,freezing,8,0.568398608
681,C,cck-inhibition,recall-discrimination,12,freezing,9,0.043397969
682,C,cck-inhibition,training,24,freezing,1,38.34
683,C,cck-inhibition,training,24,freezing,2,25.56
684,C,cck-inhibition,training,24,freezing,3,20.12
685,C,cck-inhibition,training,24,freezing,4,56.23
686,C,cck-inhibition,training,24,freezing,5,53.43
687,C,cck-inhibition,training,24,freezing,6,23.44
688,C,cck-inhibition,training,24,freezing,7,48.99
689,C,cck-inhibition,training,24,freezing,8,10.13
690,C,cck-inhibition,training,24,freezing,9,49.87
691,C,cck-inhibition,recall-training,24,freezing,1,34.33
692,C,cck-inhibition,recall-training,24,freezing,2,23.98
693,C,cck-inhibition,recall-training,24,freezing,3,67.56
694,C,cck-inhibition,recall-training,24,freezing,4,69.45
695,C,cck-inhibition,recall-training,24,freezing,5,59.34
696,C,cck-inhibition,recall-training,24,freezing,6,74.32
697,C,cck-inhibition,recall-training,24,freezing,7,71.72
698,C,cck-inhibition,recall-training,24,freezing,8,61.79
699,C,cck-inhibition,recall-training,24,freezing,9,74.59
700,C,cck-inhibition,recall-novel,24,freezing,1,54.23
701,C,cck-inhibition,recall-novel,24,freezing,2,34.33
702,C,cck-inhibition,recall-novel,24,freezing,3,29.01
703,C,cck-inhibition,recall-novel,24,freezing,4,28.78
704,C,cck-inhibition,recall-novel,24,freezing,5,58.99
705,C,cck-inhibition,recall-novel,24,freezing,6,73.34
706,C,cck-inhibition,recall-novel,24,freezing,7,70.98
707,C,cck-inhibition,recall-novel,24,freezing,8,71.53
708,C,cck-inhibition,recall-novel,24,freezing,9,59.87
709,C,cck-inhibition,recall-discrimination,24,freezing,1,-0.224706414
710,C,cck-inhibition,recall-discrimination,24,freezing,2,-0.177499571
711,C,cck-inhibition,recall-discrimination,24,freezing,3,0.399192296
712,C,cck-inhibition,recall-discrimination,24,freezing,4,0.414028301
713,C,cck-inhibition,recall-discrimination,24,freezing,5,0.00295783
714,C,cck-inhibition,recall-discrimination,24,freezing,6,0.006636868
715,C,cck-inhibition,recall-discrimination,24,freezing,7,0.005185704
716,C,cck-inhibition,recall-discrimination,24,freezing,8,-0.073057306
717,C,cck-inhibition,recall-discrimination,24,freezing,9,0.109474937
718,D,control,recall-training,5,freezing,1,32.22
719,D,control,recall-training,5,freezing,2,54.44
720,D,control,recall-training,5,freezing,3,29
721,D,control,recall-training,5,freezing,4,48.33
722,D,control,recall-training,5,freezing,5,63.33
723,D,control,recall-training,5,freezing,6,47.22
724,D,control,recall-training,5,freezing,7,49.44
725,D,control,recall-novel,5,freezing,1,53.89
726,D,control,recall-novel,5,freezing,2,24.44
727,D,control,recall-novel,5,freezing,3,48.89
728,D,control,recall-novel,5,freezing,4,36.67
729,D,control,recall-novel,5,freezing,5,40
730,D,control,recall-novel,5,freezing,6,27.22
731,D,control,recall-novel,5,freezing,7,32.22
732,D,control,recall-discrimination,5,freezing,1,-0.25165486006271
733,D,control,recall-discrimination,5,freezing,2,0.380324543610548
734,D,control,recall-discrimination,5,freezing,3,-0.255360123250738
735,D,control,recall-discrimination,5,freezing,4,0.137176470588235
736,D,control,recall-discrimination,5,freezing,5,0.225781476821833
737,D,control,recall-discrimination,5,freezing,6,0.268672756582482
738,D,control,recall-discrimination,5,freezing,7,0.210874357090375
739,D,control,recall-training,12,freezing,1,32.22
740,D,control,recall-training,12,freezing,2,60
741,D,control,recall-training,12,freezing,3,22.22
742,D,control,recall-training,12,freezing,4,39.44
743,D,control,recall-training,12,freezing,5,40.56
744,D,control,recall-training,12,freezing,6,46.11
745,D,control,recall-training,12,freezing,7,46.11
746,D,control,recall-novel,12,freezing,1,8.33
747,D,control,recall-novel,12,freezing,2,15.56
748,D,control,recall-novel,12,freezing,3,19.44
749,D,control,recall-novel,12,freezing,4,10
750,D,control,recall-novel,12,freezing,5,24.44
751,D,control,recall-novel,12,freezing,6,13.33
752,D,control,recall-novel,12,freezing,7,11.11
753,D,control,recall-discrimination,12,freezing,1,0.589149198520345
754,D,control,recall-discrimination,12,freezing,2,0.588141874007411
755,D,control,recall-discrimination,12,freezing,3,0.066730676908305
756,D,control,recall-discrimination,12,freezing,4,0.59546925566343
757,D,control,recall-discrimination,12,freezing,5,0.248
758,D,control,recall-discrimination,12,freezing,6,0.551480484522207
759,D,control,recall-discrimination,12,freezing,7,0.611674239776302
760,D,control,recall-training,24,freezing,1,45
761,D,control,recall-training,24,freezing,2,28.89
762,D,control,recall-training,24,freezing,3,36.11
763,D,control,recall-training,24,freezing,4,57.78
764,D,control,recall-training,24,freezing,5,50.56
765,D,control,recall-training,24,freezing,6,36.11
766,D,control,recall-training,24,freezing,7,40.56
767,D,control,recall-novel,24,freezing,1,3.89
768,D,control,recall-novel,24,freezing,2,7.22
769,D,control,recall-novel,24,freezing,3,18.33
770,D,control,recall-novel,24,freezing,4,5
771,D,control,recall-novel,24,freezing,5,8.89
772,D,control,recall-novel,24,freezing,6,10.56
773,D,control,recall-novel,24,freezing,7,6.67
774,D,control,recall-discrimination,24,freezing,1,0.840867253016977
775,D,control,recall-discrimination,24,freezing,2,0.600110772639158
776,D,control,recall-discrimination,24,freezing,3,0.326598089639971
777,D,control,recall-discrimination,24,freezing,4,0.840713603058299
778,D,control,recall-discrimination,24,freezing,5,0.700925147182506
779,D,control,recall-discrimination,24,freezing,6,0.547460895650311
780,D,control,recall-discrimination,24,freezing,7,0.717552403133601
781,D,pv-inhibition,recall-training,5,freezing,1,57.78
782,D,pv-inhibition,recall-training,5,freezing,2,62.22
783,D,pv-inhibition,recall-training,5,freezing,3,31.11
784,D,pv-inhibition,recall-training,5,freezing,4,47.22
785,D,pv-inhibition,recall-training,5,freezing,5,26.67
786,D,pv-inhibition,recall-training,5,freezing,6,38.33
787,D,pv-inhibition,recall-training,5,freezing,7,33.33
788,D,pv-inhibition,recall-training,5,freezing,8,36.11
789,D,pv-inhibition,recall-training,5,freezing,9,33.33
790,D,pv-inhibition,recall-novel,5,freezing,1,33.89
791,D,pv-inhibition,recall-novel,5,freezing,2,48.33
792,D,pv-inhibition,recall-novel,5,freezing,3,28.89
793,D,pv-inhibition,recall-novel,5,freezing,4,23.33
794,D,pv-inhibition,recall-novel,5,freezing,5,34.44
795,D,pv-inhibition,recall-novel,5,freezing,6,18.89
796,D,pv-inhibition,recall-novel,5,freezing,7,70.56
797,D,pv-inhibition,recall-novel,5,freezing,8,25.56
798,D,pv-inhibition,recall-novel,5,freezing,9,21.11
799,D,pv-inhibition,recall-discrimination,5,freezing,1,0.260608705137995
800,D,pv-inhibition,recall-discrimination,5,freezing,2,0.125644504748982
801,D,pv-inhibition,recall-discrimination,5,freezing,3,0.037
802,D,pv-inhibition,recall-discrimination,5,freezing,4,0.338625088589653
803,D,pv-inhibition,recall-discrimination,5,freezing,5,-0.127147766323024
804,D,pv-inhibition,recall-discrimination,5,freezing,6,0.339741349178609
805,D,pv-inhibition,recall-discrimination,5,freezing,7,-0.358359803638464
806,D,pv-inhibition,recall-discrimination,5,freezing,8,0.171071833954921
807,D,pv-inhibition,recall-discrimination,5,freezing,9,0.224467303453343
808,D,pv-inhibition,recall-training,12,freezing,1,16.67
809,D,pv-inhibition,recall-training,12,freezing,2,52.22
810,D,pv-inhibition,recall-training,12,freezing,3,20
811,D,pv-inhibition,recall-training,12,freezing,4,69.44
812,D,pv-inhibition,recall-training,12,freezing,5,16.67
813,D,pv-inhibition,recall-training,12,freezing,6,52.22
814,D,pv-inhibition,recall-training,12,freezing,7,31.11
815,D,pv-inhibition,recall-training,12,freezing,8,66.67
816,D,pv-inhibition,recall-training,12,freezing,9,43.89
817,D,pv-inhibition,recall-novel,12,freezing,1,21.11
818,D,pv-inhibition,recall-novel,12,freezing,2,18.33
819,D,pv-inhibition,recall-novel,12,freezing,3,11.11
820,D,pv-inhibition,recall-novel,12,freezing,4,12.78
821,D,pv-inhibition,recall-novel,12,freezing,5,20.56
822,D,pv-inhibition,recall-novel,12,freezing,6,13.89
823,D,pv-inhibition,recall-novel,12,freezing,7,12.78
824,D,pv-inhibition,recall-novel,12,freezing,8,16.11
825,D,pv-inhibition,recall-novel,12,freezing,9,21.11
826,D,pv-inhibition,recall-discrimination,12,freezing,1,-0.117522498676548
827,D,pv-inhibition,recall-discrimination,12,freezing,2,0.480368532955351
828,D,pv-inhibition,recall-discrimination,12,freezing,3,0.285760205721633
829,D,pv-inhibition,recall-discrimination,12,freezing,4,0.68912673315495
830,D,pv-inhibition,recall-discrimination,12,freezing,5,-0.104485629868386
831,D,pv-inhibition,recall-discrimination,12,freezing,6,0.579791256995916
832,D,pv-inhibition,recall-discrimination,12,freezing,7,0.417634996582365
833,D,pv-inhibition,recall-discrimination,12,freezing,8,0.610775549649674
834,D,pv-inhibition,recall-discrimination,12,freezing,9,0.350461538461538
835,D,pv-inhibition,recall-training,24,freezing,1,48.89
836,D,pv-inhibition,recall-training,24,freezing,2,45.56
837,D,pv-inhibition,recall-training,24,freezing,3,57.22
838,D,pv-inhibition,recall-training,24,freezing,4,24.44
839,D,pv-inhibition,recall-training,24,freezing,5,42.22
840,D,pv-inhibition,recall-training,24,freezing,6,57.78
841,D,pv-inhibition,recall-training,24,freezing,7,54.44
842,D,pv-inhibition,recall-training,24,freezing,8,44.44
843,D,pv-inhibition,recall-training,24,freezing,9,30.56
844,D,pv-inhibition,recall-novel,24,freezing,1,11.11
845,D,pv-inhibition,recall-novel,24,freezing,2,18.33
846,D,pv-inhibition,recall-novel,24,freezing,3,11.67
847,D,pv-inhibition,recall-novel,24,freezing,4,21.11
848,D,pv-inhibition,recall-novel,24,freezing,5,14.44
849,D,pv-inhibition,recall-novel,24,freezing,6,15.56
850,D,pv-inhibition,recall-novel,24,freezing,7,10.56
851,D,pv-inhibition,recall-novel,24,freezing,8,15.56
852,D,pv-inhibition,recall-novel,24,freezing,9,14.44
853,D,pv-inhibition,recall-discrimination,24,freezing,1,0.629666666666667
854,D,pv-inhibition,recall-discrimination,24,freezing,2,0.42620128345594
855,D,pv-inhibition,recall-discrimination,24,freezing,3,0.661199012919146
856,D,pv-inhibition,recall-discrimination,24,freezing,4,0.073106476399561
857,D,pv-inhibition,recall-discrimination,24,freezing,5,0.490292975644193
858,D,pv-inhibition,recall-discrimination,24,freezing,6,0.575674938641942
859,D,pv-inhibition,recall-discrimination,24,freezing,7,0.675076923076923
860,D,pv-inhibition,recall-discrimination,24,freezing,8,0.481333333333333
861,D,pv-inhibition,recall-discrimination,24,freezing,9,0.358222222222222
862,E,EGFP+,0.2,12,oipsc,1,21.7
863,E,EGFP+,0.2,12,oipsc,2,44.9
864,E,EGFP+,0.2,12,oipsc,3,0.3
865,E,EGFP+,0.2,12,oipsc,4,0.5
866,E,EGFP+,0.2,12,oipsc,5,37.2
867,E,EGFP+,0.2,12,oipsc,6,0.4
868,E,EGFP+,0.2,12,oipsc,7,0.1
869,E,EGFP+,0.2,12,oipsc,8,0.9
870,E,EGFP+,0.2,12,oipsc,9,1.7
871,E,EGFP+,0.2,12,oipsc,10,0.6
872,E,EGFP+,0.2,12,oipsc,11,0.5
873,E,EGFP+,0.2,12,oipsc,12,2
874,E,EGFP+,0.5,12,oipsc,1,37.7
875,E,EGFP+,0.5,12,oipsc,2,63.1
876,E,EGFP+,0.5,12,oipsc,3,92.2
877,E,EGFP+,0.5,12,oipsc,4,42.2
878,E,EGFP+,0.5,12,oipsc,5,166.9
879,E,EGFP+,0.5,12,oipsc,6,103.9
880,E,EGFP+,0.5,12,oipsc,7,232.3
881,E,EGFP+,0.5,12,oipsc,8,32.3
882,E,EGFP+,0.5,12,oipsc,9,85.3
883,E,EGFP+,0.5,12,oipsc,10,58.1
884,E,EGFP+,0.5,12,oipsc,11,31.1
885,E,EGFP+,0.5,12,oipsc,12,70.2
886,E,EGFP+,0.8,12,oipsc,1,40.6
887,E,EGFP+,0.8,12,oipsc,2,62.3
888,E,EGFP+,0.8,12,oipsc,3,130.3
889,E,EGFP+,0.8,12,oipsc,4,186.7
890,E,EGFP+,0.8,12,oipsc,5,243
891,E,EGFP+,0.8,12,oipsc,6,199.5
892,E,EGFP+,0.8,12,oipsc,7,255.4
893,E,EGFP+,0.8,12,oipsc,8,53.2
894,E,EGFP+,0.8,12,oipsc,9,155
895,E,EGFP+,0.8,12,oipsc,10,81.1
896,E,EGFP+,0.8,12,oipsc,11,63.5
897,E,EGFP+,0.8,12,oipsc,12,70.7
898,E,EGFP+,1.1,12,oipsc,1,67.1
899,E,EGFP+,1.1,12,oipsc,2,100.5
900,E,EGFP+,1.1,12,oipsc,3,145.1
901,E,EGFP+,1.1,12,oipsc,4,190.3
902,E,EGFP+,1.1,12,oipsc,5,133.5
903,E,EGFP+,1.1,12,oipsc,6,204.1
904,E,EGFP+,1.1,12,oipsc,7,177.4
905,E,EGFP+,1.1,12,oipsc,8,99.2
906,E,EGFP+,1.1,12,oipsc,9,188.5
907,E,EGFP+,1.1,12,oipsc,10,115.2
908,E,EGFP+,1.1,12,oipsc,11,69.2
909,E,EGFP+,1.1,12,oipsc,12,110.2
910,E,EGFP+,1.4,12,oipsc,1,62.9
911,E,EGFP+,1.4,12,oipsc,2,93.2
912,E,EGFP+,1.4,12,oipsc,3,140.8
913,E,EGFP+,1.4,12,oipsc,4,223.4
914,E,EGFP+,1.4,12,oipsc,5,226.5
915,E,EGFP+,1.4,12,oipsc,6,214.4
916,E,EGFP+,1.4,12,oipsc,7,204.5
917,E,EGFP+,1.4,12,oipsc,8,69
918,E,EGFP+,1.4,12,oipsc,9,210.9
919,E,EGFP+,1.4,12,oipsc,10,95.1
920,E,EGFP+,1.4,12,oipsc,11,72.1
921,E,EGFP+,1.4,12,oipsc,12,79.7
922,E,EGFP+,1.7,12,oipsc,1,65.3
923,E,EGFP+,1.7,12,oipsc,2,132.3
924,E,EGFP+,1.7,12,oipsc,3,145.8
925,E,EGFP+,1.7,12,oipsc,4,247.7
926,E,EGFP+,1.7,12,oipsc,5,249
927,E,EGFP+,1.7,12,oipsc,6,262.7
928,E,EGFP+,1.7,12,oipsc,7,230.8
929,E,EGFP+,1.7,12,oipsc,8,94.5
930,E,EGFP+,1.7,12,oipsc,9,182.4
931,E,EGFP+,1.7,12,oipsc,10,95
932,E,EGFP+,1.7,12,oipsc,11,60.3
933,E,EGFP+,1.7,12,oipsc,12,62.9
934,E,EGFP-,0.2,12,oipsc,1,4.9
935,E,EGFP-,0.2,12,oipsc,2,0.5
936,E,EGFP-,0.2,12,oipsc,3,0.3
937,E,EGFP-,0.2,12,oipsc,4,3.7
938,E,EGFP-,0.2,12,oipsc,5,2.3
939,E,EGFP-,0.2,12,oipsc,6,2.1
940,E,EGFP-,0.2,12,oipsc,7,0.6
941,E,EGFP-,0.2,12,oipsc,8,18.9
942,E,EGFP-,0.2,12,oipsc,9,0.6
943,E,EGFP-,0.2,12,oipsc,10,0.9
944,E,EGFP-,0.2,12,oipsc,11,0.1
945,E,EGFP-,0.2,12,oipsc,12,1.2
946,E,EGFP-,0.5,12,oipsc,1,18
947,E,EGFP-,0.5,12,oipsc,2,100
948,E,EGFP-,0.5,12,oipsc,3,44.3
949,E,EGFP-,0.5,12,oipsc,4,40.7
950,E,EGFP-,0.5,12,oipsc,5,26.7
951,E,EGFP-,0.5,12,oipsc,6,24.9
952,E,EGFP-,0.5,12,oipsc,7,78.9
953,E,EGFP-,0.5,12,oipsc,8,32.7
954,E,EGFP-,0.5,12,oipsc,9,14.2
955,E,EGFP-,0.5,12,oipsc,10,71.8
956,E,EGFP-,0.5,12,oipsc,11,22.9
957,E,EGFP-,0.5,12,oipsc,12,24.8
958,E,EGFP-,0.8,12,oipsc,1,53.6
959,E,EGFP-,0.8,12,oipsc,2,138.9
960,E,EGFP-,0.8,12,oipsc,3,48
961,E,EGFP-,0.8,12,oipsc,4,55.8
962,E,EGFP-,0.8,12,oipsc,5,96.2
963,E,EGFP-,0.8,12,oipsc,6,21.2
964,E,EGFP-,0.8,12,oipsc,7,87.8
965,E,EGFP-,0.8,12,oipsc,8,110.2
966,E,EGFP-,0.8,12,oipsc,9,35.2
967,E,EGFP-,0.8,12,oipsc,10,75.7
968,E,EGFP-,0.8,12,oipsc,11,54.1
969,E,EGFP-,0.8,12,oipsc,12,54.2
970,E,EGFP-,1.1,12,oipsc,1,33.8
971,E,EGFP-,1.1,12,oipsc,2,125.8
972,E,EGFP-,1.1,12,oipsc,3,50.9
973,E,EGFP-,1.1,12,oipsc,4,66.1
974,E,EGFP-,1.1,12,oipsc,5,94.7
975,E,EGFP-,1.1,12,oipsc,6,125.4
976,E,EGFP-,1.1,12,oipsc,7,92.9
977,E,EGFP-,1.1,12,oipsc,8,96.6
978,E,EGFP-,1.1,12,oipsc,9,32.1
979,E,EGFP-,1.1,12,oipsc,10,92
980,E,EGFP-,1.1,12,oipsc,11,69.8
981,E,EGFP-,1.1,12,oipsc,12,71.5
982,E,EGFP-,1.4,12,oipsc,1,26.5
983,E,EGFP-,1.4,12,oipsc,2,136
984,E,EGFP-,1.4,12,oipsc,3,76.1
985,E,EGFP-,1.4,12,oipsc,4,62.6
986,E,EGFP-,1.4,12,oipsc,5,85.2
987,E,EGFP-,1.4,12,oipsc,6,121.5
988,E,EGFP-,1.4,12,oipsc,7,141.6
989,E,EGFP-,1.4,12,oipsc,8,106.8
990,E,EGFP-,1.4,12,oipsc,9,27.3
991,E,EGFP-,1.4,12,oipsc,10,92.8
992,E,EGFP-,1.4,12,oipsc,11,69.2
993,E,EGFP-,1.4,12,oipsc,12,66.2
994,E,EGFP-,1.7,12,oipsc,1,30.1
995,E,EGFP-,1.7,12,oipsc,2,121.7
996,E,EGFP-,1.7,12,oipsc,3,72
997,E,EGFP-,1.7,12,oipsc,4,61.4
998,E,EGFP-,1.7,12,oipsc,5,81.3
999,E,EGFP-,1.7,12,oipsc,6,110.6
1000,E,EGFP-,1.7,12,oipsc,7,130.7
1001,E,EGFP-,1.7,12,oipsc,8,101.7
1002,E,EGFP-,1.7,12,oipsc,9,32.3
1003,E,EGFP-,1.7,12,oipsc,10,83.9
1004,E,EGFP-,1.7,12,oipsc,11,67.1
1005,E,EGFP-,1.7,12,oipsc,12,84.4
1006,E,mCh-EGFP+,0.8,12,norm-oipsc,1,0.846153846153846
1007,E,mCh-EGFP+,0.8,12,norm-oipsc,2,1.26733921815889
1008,E,mCh-EGFP+,0.8,12,norm-oipsc,3,1.8297604035309
1009,E,mCh-EGFP+,0.8,12,norm-oipsc,4,2.39974779319042
1010,E,mCh-EGFP+,0.8,12,norm-oipsc,5,1.68348045397226
1011,E,mCh-EGFP+,0.8,12,norm-oipsc,6,2.57377049180328
1012,E,mCh-EGFP+,0.8,12,norm-oipsc,7,2.23707440100883
1013,E,mCh-EGFP+,0.8,12,norm-oipsc,8,1.25094577553594
1014,E,mCh-EGFP+,0.8,12,norm-oipsc,9,2.37704918032787
1015,E,mCh-EGFP+,0.8,12,norm-oipsc,10,1.45271122320303
1016,E,mCh-EGFP+,0.8,12,norm-oipsc,11,0.872635561160151
1017,E,mCh-EGFP+,0.8,12,norm-oipsc,12,1.38965952080706
1018,E,mCh-EGFP-,0.8,12,norm-oipsc,1,0.426229508196721
1019,E,mCh-EGFP-,0.8,12,norm-oipsc,2,1.58638083228247
1020,E,mCh-EGFP-,0.8,12,norm-oipsc,3,0.641866330390921
1021,E,mCh-EGFP-,0.8,12,norm-oipsc,4,0.833543505674653
1022,E,mCh-EGFP-,0.8,12,norm-oipsc,5,1.19419924337957
1023,E,mCh-EGFP-,0.8,12,norm-oipsc,6,1.58133669609079
1024,E,mCh-EGFP-,0.8,12,norm-oipsc,7,1.17150063051702
1025,E,mCh-EGFP-,0.8,12,norm-oipsc,8,1.21815889029004
1026,E,mCh-EGFP-,0.8,12,norm-oipsc,9,0.404791929382093
1027,E,mCh-EGFP-,0.8,12,norm-oipsc,10,1.16015132408575
1028,E,mCh-EGFP-,0.8,12,norm-oipsc,11,0.880201765447667
1029,E,mCh-EGFP-,0.8,12,norm-oipsc,12,0.901639344262295
1030,E,hM4Di-mCh-EGFP+,0.8,12,norm-oipsc,1,1.10195674562307
1031,E,hM4Di-mCh-EGFP+,0.8,12,norm-oipsc,2,0.99124613800206
1032,E,hM4Di-mCh-EGFP+,0.8,12,norm-oipsc,3,0.561277033985582
1033,E,hM4Di-mCh-EGFP+,0.8,12,norm-oipsc,4,0.937178166838311
1034,E,hM4Di-mCh-EGFP+,0.8,12,norm-oipsc,5,0.904994850669413
1035,E,hM4Di-mCh-EGFP+,0.8,12,norm-oipsc,6,1.24871266735324
1036,E,hM4Di-mCh-EGFP+,0.8,12,norm-oipsc,7,0.938465499485067
1037,E,hM4Di-mCh-EGFP+,0.8,12,norm-oipsc,8,0.964212152420185
1038,E,hM4Di-mCh-EGFP+,0.8,12,norm-oipsc,9,0.82389289392379
1039,E,hM4Di-mCh-EGFP+,0.8,12,norm-oipsc,10,0.930741503604531
1040,E,hM4Di-mCh-EGFP-,0.8,12,norm-oipsc,1,1.69927909371782
1041,E,hM4Di-mCh-EGFP-,0.8,12,norm-oipsc,2,0.557415036045314
1042,E,hM4Di-mCh-EGFP-,0.8,12,norm-oipsc,3,0.875386199794027
1043,E,hM4Di-mCh-EGFP-,0.8,12,norm-oipsc,4,0.675849639546859
1044,E,hM4Di-mCh-EGFP-,0.8,12,norm-oipsc,5,1.36843460350154
1045,E,hM4Di-mCh-EGFP-,0.8,12,norm-oipsc,6,1.05303810504634
1046,E,hM4Di-mCh-EGFP-,0.8,12,norm-oipsc,7,1.3903192584964
1047,E,hM4Di-mCh-EGFP-,0.8,12,norm-oipsc,8,0.983522142121524
1048,E,hM4Di-mCh-EGFP-,0.8,12,norm-oipsc,9,0.998970133882595
1049,E,hM4Di-mCh-EGFP-,0.8,12,norm-oipsc,10,0.39778578784758
1050,F,mCh,neutral-context,5,freezing,1,11.1
1051,F,mCh,neutral-context,5,freezing,2,46.3
1052,F,mCh,neutral-context,5,freezing,3,16.2
1053,F,mCh,neutral-context,5,freezing,4,26.6
1054,F,mCh,neutral-context,5,freezing,5,39.1
1055,F,mCh,neutral-context,5,freezing,6,38.9
1056,F,mCh,neutral-context,5,freezing,7,14.8
1057,F,mCh,neutral-context,5,freezing,8,45.5
1058,F,mCh,neutral-context,5,freezing,9,19.3
1059,F,Chrimson-mCh,neutral-context,5,freezing,1,40
1060,F,Chrimson-mCh,neutral-context,5,freezing,2,28.1
1061,F,Chrimson-mCh,neutral-context,5,freezing,3,26.1
1062,F,Chrimson-mCh,neutral-context,5,freezing,4,61.8
1063,F,Chrimson-mCh,neutral-context,5,freezing,5,64.1
1064,F,Chrimson-mCh,neutral-context,5,freezing,6,52.6
1065,F,Chrimson-mCh,neutral-context,5,freezing,7,23.6
1066,F,Chrimson-mCh,neutral-context,5,freezing,8,25.3
1067,F,Chrimson-mCh,neutral-context,5,freezing,9,40.9
1068,F,mCh,neutral-context,12,freezing,1,14.1
1069,F,mCh,neutral-context,12,freezing,2,8.7
1070,F,mCh,neutral-context,12,freezing,3,5.6
1071,F,mCh,neutral-context,12,freezing,4,25.4
1072,F,mCh,neutral-context,12,freezing,5,4.8
1073,F,mCh,neutral-context,12,freezing,6,6.9
1074,F,mCh,neutral-context,12,freezing,7,17.5
1075,F,mCh,neutral-context,12,freezing,8,19.7
1076,F,mCh,neutral-context,12,freezing,9,13.4
1077,F,Chrimson-mCh,neutral-context,12,freezing,1,7.1
1078,F,Chrimson-mCh,neutral-context,12,freezing,2,20
1079,F,Chrimson-mCh,neutral-context,12,freezing,3,27.6
1080,F,Chrimson-mCh,neutral-context,12,freezing,4,32.4
1081,F,Chrimson-mCh,neutral-context,12,freezing,5,36.3
1082,F,Chrimson-mCh,neutral-context,12,freezing,6,39
1083,F,Chrimson-mCh,neutral-context,12,freezing,7,37
1084,F,Chrimson-mCh,neutral-context,12,freezing,8,27.7
1085,F,Chrimson-mCh,neutral-context,12,freezing,9,18.2
1086,F,mCh,neutral-context,24,freezing,1,4.5
1087,F,mCh,neutral-context,24,freezing,2,6.9
1088,F,mCh,neutral-context,24,freezing,3,3.4
1089,F,mCh,neutral-context,24,freezing,4,6.6
1090,F,mCh,neutral-context,24,freezing,5,8
1091,F,mCh,neutral-context,24,freezing,6,2.4
1092,F,mCh,neutral-context,24,freezing,7,5.4
1093,F,mCh,neutral-context,24,freezing,8,1.4
1094,F,mCh,neutral-context,24,freezing,9,5.7
1095,F,Chrimson-mCh,neutral-context,24,freezing,1,11.6
1096,F,Chrimson-mCh,neutral-context,24,freezing,2,12.1
1097,F,Chrimson-mCh,neutral-context,24,freezing,3,23.5
1098,F,Chrimson-mCh,neutral-context,24,freezing,4,8.6
1099,F,Chrimson-mCh,neutral-context,24,freezing,5,21.6
1100,F,Chrimson-mCh,neutral-context,24,freezing,6,7.8
1101,F,Chrimson-mCh,neutral-context,24,freezing,7,9.7
1102,F,Chrimson-mCh,neutral-context,24,freezing,8,13.5
1103,F,Chrimson-mCh,neutral-context,24,freezing,9,14.3
1104,G,PV,fish,0,c-Fos+PV+ofc-Fos+,1,0
1105,G,PV,fish,0,c-Fos+PV+ofc-Fos+,2,4.16
1106,G,PV,fish,0,c-Fos+PV+ofc-Fos+,3,0
1107,G,PV,fish,0,c-Fos+GC+ofc-Fos+,1,84.37
1108,G,PV,fish,0,c-Fos+GC+ofc-Fos+,2,95.65
1109,G,PV,fish,0,c-Fos+GC+ofc-Fos+,3,86.95
1110,G,CCK,fish,0,c-Fos+CCK+ofc-Fos+,1,7.4
1111,G,CCK,fish,0,c-Fos+CCK+ofc-Fos+,2,6
1112,G,CCK,fish,0,c-Fos+CCK+ofc-Fos+,3,3.57
1113,G,CCK,fish,0,c-Fos+CCK+ofc-Fos+,4,5.26
1114,G,CCK,fish,0,c-Fos+GC+ofc-Fos+,1,88.89
1115,G,CCK,fish,0,c-Fos+GC+ofc-Fos+,2,83.33
1116,G,CCK,fish,0,c-Fos+GC+ofc-Fos+,3,92.8
1117,G,CCK,fish,0,c-Fos+GC+ofc-Fos+,4,89.47
1118,H,CCK,fish,0,eYFP+CCK+ofeYFP+,1,82.85
1119,H,CCK,fish,0,eYFP+CCK+ofeYFP+,2,90
1120,H,CCK,fish,0,eYFP+CCK+ofeYFP+,3,100
1121,H,GAD1,fish,0,eYFP+GAD1+ofeYFP+,1,100
1122,H,GAD1,fish,0,eYFP+GAD1+ofeYFP+,2,91.665
1123,H,GAD1,fish,0,eYFP+GAD1+ofeYFP+,3,100
1124,I,labelling,recall-training,5,c-Fos+EGFP+ofEGFP+,1,5.71
1125,I,labelling,recall-training,5,c-Fos+EGFP+ofEGFP+,2,10
1126,I,labelling,recall-training,5,c-Fos+EGFP+ofEGFP+,3,15
1127,I,labelling,recall-training,5,c-Fos+EGFP+ofEGFP+,4,14.29
1128,I,labelling,recall-training,5,c-Fos+EGFP+ofEGFP+,5,15.38
1129,I,labelling,recall-training,5,c-Fos+EGFP+ofEGFP+,6,14.29
1130,I,labelling,recall-training,5,c-Fos+EGFP+ofEGFP+,7,13.33
1131,I,labelling,recall-training,12,c-Fos+EGFP+ofEGFP+,1,6.9
1132,I,labelling,recall-training,12,c-Fos+EGFP+ofEGFP+,2,7.29
1133,I,labelling,recall-training,12,c-Fos+EGFP+ofEGFP+,3,7.69
1134,I,labelling,recall-training,12,c-Fos+EGFP+ofEGFP+,4,6.12
1135,I,labelling,recall-training,12,c-Fos+EGFP+ofEGFP+,5,6.25
1136,I,labelling,recall-training,12,c-Fos+EGFP+ofEGFP+,6,9.52
1137,I,labelling,recall-training,12,c-Fos+EGFP+ofEGFP+,7,8.33
1138,I,labelling,recall-training,24,c-Fos+EGFP+ofEGFP+,1,6.67
1139,I,labelling,recall-training,24,c-Fos+EGFP+ofEGFP+,2,6.25
1140,I,labelling,recall-training,24,c-Fos+EGFP+ofEGFP+,3,7.69
1141,I,labelling,recall-training,24,c-Fos+EGFP+ofEGFP+,4,5.13
1142,I,labelling,recall-training,24,c-Fos+EGFP+ofEGFP+,5,5.26
1143,I,labelling,recall-training,24,c-Fos+EGFP+ofEGFP+,6,7.14
1144,I,labelling,recall-training,24,c-Fos+EGFP+ofEGFP+,7,8.33
1145,I,labelling,recall-training,5,c-Fos+EGFP+ofc-Fos+,1,2.63795423956931
1146,I,labelling,recall-training,5,c-Fos+EGFP+ofc-Fos+,2,8.51503759398496
1147,I,labelling,recall-training,5,c-Fos+EGFP+ofc-Fos+,3,5.38720538720539
1148,I,labelling,recall-training,5,c-Fos+EGFP+ofc-Fos+,4,9.64831096714484
1149,I,labelling,recall-training,5,c-Fos+EGFP+ofc-Fos+,5,3.81134480560867
1150,I,labelling,recall-training,5,c-Fos+EGFP+ofc-Fos+,6,7.40023246803565
1151,I,labelling,recall-training,5,c-Fos+EGFP+ofc-Fos+,7,8.08534531162268
1152,I,labelling,recall-training,12,c-Fos+EGFP+ofc-Fos+,1,6.43019395421982
1153,I,labelling,recall-training,12,c-Fos+EGFP+ofc-Fos+,2,5.51783908710097
1154,I,labelling,recall-training,12,c-Fos+EGFP+ofc-Fos+,3,4.99786416061512
1155,I,labelling,recall-training,12,c-Fos+EGFP+ofc-Fos+,4,5.42618132489261
1156,I,labelling,recall-training,12,c-Fos+EGFP+ofc-Fos+,5,6.25690913110767
1157,I,labelling,recall-training,12,c-Fos+EGFP+ofc-Fos+,6,5.95065312046444
1158,I,labelling,recall-training,12,c-Fos+EGFP+ofc-Fos+,7,7.77410207939509
1159,I,labelling,recall-training,24,c-Fos+EGFP+ofc-Fos+,1,1.99876045863031
1160,I,labelling,recall-training,24,c-Fos+EGFP+ofc-Fos+,2,2.32014948614139
1161,I,labelling,recall-training,24,c-Fos+EGFP+ofc-Fos+,3,3.18952014808486
1162,I,labelling,recall-training,24,c-Fos+EGFP+ofc-Fos+,4,3.42692902940526
1163,I,labelling,recall-training,24,c-Fos+EGFP+ofc-Fos+,5,6.17876424715057
1164,I,labelling,recall-training,24,c-Fos+EGFP+ofc-Fos+,6,4.83539094650206
1165,I,labelling,recall-training,24,c-Fos+EGFP+ofc-Fos+,7,8.62127950735546
1166,I,labelling,recall-training,5,c-Fos+EGFP+ofDAPI+,1,0.692579505300353
1167,I,labelling,recall-training,5,c-Fos+EGFP+ofDAPI+,2,1.27966101694915
1168,I,labelling,recall-training,5,c-Fos+EGFP+ofDAPI+,3,0.832151300236407
1169,I,labelling,recall-training,5,c-Fos+EGFP+ofDAPI+,4,2.26630434782609
1170,I,labelling,recall-training,5,c-Fos+EGFP+ofDAPI+,5,1.34684684684685
1171,I,labelling,recall-training,5,c-Fos+EGFP+ofDAPI+,6,2.02473498233216
1172,I,labelling,recall-training,5,c-Fos+EGFP+ofDAPI+,7,2.11764705882353
1173,I,labelling,recall-training,12,c-Fos+EGFP+ofDAPI+,1,0.893203883495146
1174,I,labelling,recall-training,12,c-Fos+EGFP+ofDAPI+,2,1.55918367346939
1175,I,labelling,recall-training,12,c-Fos+EGFP+ofDAPI+,3,1.80927835051546
1176,I,labelling,recall-training,12,c-Fos+EGFP+ofDAPI+,4,0.794701986754967
1177,I,labelling,recall-training,12,c-Fos+EGFP+ofDAPI+,5,0.750663129973475
1178,I,labelling,recall-training,12,c-Fos+EGFP+ofDAPI+,6,0.75130890052356
1179,I,labelling,recall-training,12,c-Fos+EGFP+ofDAPI+,7,0.839285714285714
1180,I,labelling,recall-training,24,c-Fos+EGFP+ofDAPI+,1,0.296551724137931
1181,I,labelling,recall-training,24,c-Fos+EGFP+ofDAPI+,2,0.331111111111111
1182,I,labelling,recall-training,24,c-Fos+EGFP+ofDAPI+,3,0.93723849372385
1183,I,labelling,recall-training,24,c-Fos+EGFP+ofDAPI+,4,0.508196721311475
1184,I,labelling,recall-training,24,c-Fos+EGFP+ofDAPI+,5,0.751824817518248
1185,I,labelling,recall-training,24,c-Fos+EGFP+ofDAPI+,6,0.721227621483376
1186,I,labelling,recall-training,24,c-Fos+EGFP+ofDAPI+,7,0.9
